{
  "model": {
    "shipments": [
      {
        "pickups": [
          {
            "arrivalWaypoint": {
              "location": {
                "latLng": {
                  "latitude": 44.5279615,
                  "longitude": 26.1798147
                }
              }
            },
            "duration": "0s"
          }
        ],
        "deliveries": [
          {
            "arrivalWaypoint": {
              "location": {
                "latLng": {
                  "latitude": 44.46397032,
                  "longitude": 26.2109522
                }
              }
            },
            "timeWindows": [
              {
                "startTime": "2026-02-17T06:00:00.000Z",
                "endTime": "2026-02-17T07:00:00.000Z",
                "softStartTime": "2026-02-17T06:00:00.000Z",
                "softEndTime": "2026-02-17T07:00:00.000Z",
                "costPerHourBeforeSoftStartTime": 1000,
                "costPerHourAfterSoftEndTime": 1000
              }
            ],
            "duration": "600s"
          }
        ],
        "penaltyCost": 200,
        "label": "Order - 1",
        "loadDemands": {
          "pallets": {
            "amount": "3"
          }
        }
      },
      {
        "pickups": [
          {
            "arrivalWaypoint": {
              "location": {
                "latLng": {
                  "latitude": 44.5279615,
                  "longitude": 26.1798147
                }
              }
            },
            "duration": "0s"
          }
        ],
        "deliveries": [
          {
            "arrivalWaypoint": {
              "location": {
                "latLng": {
                  "latitude": 44.38912284,
                  "longitude": 26.15934701
                }
              }
            },
            "timeWindows": [
              {
                "startTime": "2026-02-17T16:00:00.000Z",
                "endTime": "2026-02-17T17:00:00.000Z",
                "softStartTime": "2026-02-17T16:00:00.000Z",
                "softEndTime": "2026-02-17T17:00:00.000Z",
                "costPerHourBeforeSoftStartTime": 1000,
                "costPerHourAfterSoftEndTime": 1000
              }
            ],
            "duration": "600s"
          }
        ],
        "penaltyCost": 200,
        "label": "Order - 2",
        "loadDemands": {
          "pallets": {
            "amount": "1"
          }
        }
      },
      {
        "pickups": [
          {
            "arrivalWaypoint": {
              "location": {
                "latLng": {
                  "latitude": 44.5279615,
                  "longitude": 26.1798147
                }
              }
            },
            "duration": "0s"
          }
        ],
        "deliveries": [
          {
            "arrivalWaypoint": {
              "location": {
                "latLng": {
                  "latitude": 44.46996027,
                  "longitude": 26.03232735
                }
              }
            },
            "timeWindows": [
              {
                "startTime": "2026-02-17T07:00:00.000Z",
                "endTime": "2026-02-17T08:00:00.000Z",
                "softStartTime": "2026-02-17T07:00:00.000Z",
                "softEndTime": "2026-02-17T08:00:00.000Z",
                "costPerHourBeforeSoftStartTime": 1000,
                "costPerHourAfterSoftEndTime": 1000
              }
            ],
            "duration": "600s"
          }
        ],
        "penaltyCost": 200,
        "label": "Order - 3",
        "loadDemands": {
          "pallets": {
            "amount": "5"
          }
        }
      },
      {
        "pickups": [
          {
            "arrivalWaypoint": {
              "location": {
                "latLng": {
                  "latitude": 44.5279615,
                  "longitude": 26.1798147
                }
              }
            },
            "duration": "0s"
          }
        ],
        "deliveries": [
          {
            "arrivalWaypoint": {
              "location": {
                "latLng": {
                  "latitude": 44.3494571,
                  "longitude": 26.15328232
                }
              }
            },
            "timeWindows": [
              {
                "startTime": "2026-02-17T13:00:00.000Z",
                "endTime": "2026-02-17T14:00:00.000Z",
                "softStartTime": "2026-02-17T13:00:00.000Z",
                "softEndTime": "2026-02-17T14:00:00.000Z",
                "costPerHourBeforeSoftStartTime": 1000,
                "costPerHourAfterSoftEndTime": 1000
              }
            ],
            "duration": "600s"
          }
        ],
        "penaltyCost": 200,
        "label": "Order - 4",
        "loadDemands": {
          "pallets": {
            "amount": "6"
          }
        }
      },
      {
        "pickups": [
          {
            "arrivalWaypoint": {
              "location": {
                "latLng": {
                  "latitude": 44.5279615,
                  "longitude": 26.1798147
                }
              }
            },
            "duration": "0s"
          }
        ],
        "deliveries": [
          {
            "arrivalWaypoint": {
              "location": {
                "latLng": {
                  "latitude": 44.41135767,
                  "longitude": 26.06266627
                }
              }
            },
            "timeWindows": [
              {
                "startTime": "2026-02-17T08:00:00.000Z",
                "endTime": "2026-02-17T09:00:00.000Z",
                "softStartTime": "2026-02-17T08:00:00.000Z",
                "softEndTime": "2026-02-17T09:00:00.000Z",
                "costPerHourBeforeSoftStartTime": 1000,
                "costPerHourAfterSoftEndTime": 1000
              }
            ],
            "duration": "600s"
          }
        ],
        "penaltyCost": 200,
        "label": "Order - 5",
        "loadDemands": {
          "pallets": {
            "amount": "2"
          }
        }
      },
      {
        "pickups": [
          {
            "arrivalWaypoint": {
              "location": {
                "latLng": {
                  "latitude": 44.5279615,
                  "longitude": 26.1798147
                }
              }
            },
            "duration": "0s"
          }
        ],
        "deliveries": [
          {
            "arrivalWaypoint": {
              "location": {
                "latLng": {
                  "latitude": 44.36479088,
                  "longitude": 25.98836539
                }
              }
            },
            "timeWindows": [
              {
                "startTime": "2026-02-17T08:00:00.000Z",
                "endTime": "2026-02-17T09:00:00.000Z",
                "softStartTime": "2026-02-17T08:00:00.000Z",
                "softEndTime": "2026-02-17T09:00:00.000Z",
                "costPerHourBeforeSoftStartTime": 1000,
                "costPerHourAfterSoftEndTime": 1000
              }
            ],
            "duration": "600s"
          }
        ],
        "penaltyCost": 200,
        "label": "Order - 6",
        "loadDemands": {
          "pallets": {
            "amount": "10"
          }
        }
      },
      {
        "pickups": [
          {
            "arrivalWaypoint": {
              "location": {
                "latLng": {
                  "latitude": 44.5279615,
                  "longitude": 26.1798147
                }
              }
            },
            "duration": "0s"
          }
        ],
        "deliveries": [
          {
            "arrivalWaypoint": {
              "location": {
                "latLng": {
                  "latitude": 44.51224124,
                  "longitude": 26.03905
                }
              }
            },
            "timeWindows": [
              {
                "startTime": "2026-02-17T06:00:00.000Z",
                "endTime": "2026-02-17T07:00:00.000Z",
                "softStartTime": "2026-02-17T06:00:00.000Z",
                "softEndTime": "2026-02-17T07:00:00.000Z",
                "costPerHourBeforeSoftStartTime": 1000,
                "costPerHourAfterSoftEndTime": 1000
              }
            ],
            "duration": "600s"
          }
        ],
        "penaltyCost": 200,
        "label": "Order - 7",
        "loadDemands": {
          "pallets": {
            "amount": "2"
          }
        }
      },
      {
        "pickups": [
          {
            "arrivalWaypoint": {
              "location": {
                "latLng": {
                  "latitude": 44.5279615,
                  "longitude": 26.1798147
                }
              }
            },
            "duration": "0s"
          }
        ],
        "deliveries": [
          {
            "arrivalWaypoint": {
              "location": {
                "latLng": {
                  "latitude": 44.43717837,
                  "longitude": 26.05121969
                }
              }
            },
            "timeWindows": [
              {
                "startTime": "2026-02-17T08:00:00.000Z",
                "endTime": "2026-02-17T09:00:00.000Z",
                "softStartTime": "2026-02-17T08:00:00.000Z",
                "softEndTime": "2026-02-17T09:00:00.000Z",
                "costPerHourBeforeSoftStartTime": 1000,
                "costPerHourAfterSoftEndTime": 1000
              }
            ],
            "duration": "600s"
          }
        ],
        "penaltyCost": 200,
        "label": "Order - 8",
        "loadDemands": {
          "pallets": {
            "amount": "9"
          }
        }
      },
      {
        "pickups": [
          {
            "arrivalWaypoint": {
              "location": {
                "latLng": {
                  "latitude": 44.5279615,
                  "longitude": 26.1798147
                }
              }
            },
            "duration": "0s"
          }
        ],
        "deliveries": [
          {
            "arrivalWaypoint": {
              "location": {
                "latLng": {
                  "latitude": 44.37804139,
                  "longitude": 26.02593645
                }
              }
            },
            "timeWindows": [
              {
                "startTime": "2026-02-17T20:00:00.000Z",
                "endTime": "2026-02-17T21:00:00.000Z",
                "softStartTime": "2026-02-17T20:00:00.000Z",
                "softEndTime": "2026-02-17T21:00:00.000Z",
                "costPerHourBeforeSoftStartTime": 1000,
                "costPerHourAfterSoftEndTime": 1000
              }
            ],
            "duration": "600s"
          }
        ],
        "penaltyCost": 200,
        "label": "Order - 9",
        "loadDemands": {
          "pallets": {
            "amount": "2"
          }
        }
      },
      {
        "pickups": [
          {
            "arrivalWaypoint": {
              "location": {
                "latLng": {
                  "latitude": 44.5279615,
                  "longitude": 26.1798147
                }
              }
            },
            "duration": "0s"
          }
        ],
        "deliveries": [
          {
            "arrivalWaypoint": {
              "location": {
                "latLng": {
                  "latitude": 44.47831734,
                  "longitude": 26.14580683
                }
              }
            },
            "timeWindows": [
              {
                "startTime": "2026-02-17T06:00:00.000Z",
                "endTime": "2026-02-17T07:00:00.000Z",
                "softStartTime": "2026-02-17T06:00:00.000Z",
                "softEndTime": "2026-02-17T07:00:00.000Z",
                "costPerHourBeforeSoftStartTime": 1000,
                "costPerHourAfterSoftEndTime": 1000
              }
            ],
            "duration": "600s"
          }
        ],
        "penaltyCost": 200,
        "label": "Order - 10",
        "loadDemands": {
          "pallets": {
            "amount": "10"
          }
        }
      },
      {
        "pickups": [
          {
            "arrivalWaypoint": {
              "location": {
                "latLng": {
                  "latitude": 44.5279615,
                  "longitude": 26.1798147
                }
              }
            },
            "duration": "0s"
          }
        ],
        "deliveries": [
          {
            "arrivalWaypoint": {
              "location": {
                "latLng": {
                  "latitude": 44.43243678,
                  "longitude": 26.07733918
                }
              }
            },
            "timeWindows": [
              {
                "startTime": "2026-02-17T14:00:00.000Z",
                "endTime": "2026-02-17T15:00:00.000Z",
                "softStartTime": "2026-02-17T14:00:00.000Z",
                "softEndTime": "2026-02-17T15:00:00.000Z",
                "costPerHourBeforeSoftStartTime": 1000,
                "costPerHourAfterSoftEndTime": 1000
              }
            ],
            "duration": "600s"
          }
        ],
        "penaltyCost": 200,
        "label": "Order - 11",
        "loadDemands": {
          "pallets": {
            "amount": "10"
          }
        }
      },
      {
        "pickups": [
          {
            "arrivalWaypoint": {
              "location": {
                "latLng": {
                  "latitude": 44.5279615,
                  "longitude": 26.1798147
                }
              }
            },
            "duration": "0s"
          }
        ],
        "deliveries": [
          {
            "arrivalWaypoint": {
              "location": {
                "latLng": {
                  "latitude": 44.419433,
                  "longitude": 26.00623954
                }
              }
            },
            "timeWindows": [
              {
                "startTime": "2026-02-17T10:00:00.000Z",
                "endTime": "2026-02-17T11:00:00.000Z",
                "softStartTime": "2026-02-17T10:00:00.000Z",
                "softEndTime": "2026-02-17T11:00:00.000Z",
                "costPerHourBeforeSoftStartTime": 1000,
                "costPerHourAfterSoftEndTime": 1000
              }
            ],
            "duration": "600s"
          }
        ],
        "penaltyCost": 200,
        "label": "Order - 12",
        "loadDemands": {
          "pallets": {
            "amount": "1"
          }
        }
      },
      {
        "pickups": [
          {
            "arrivalWaypoint": {
              "location": {
                "latLng": {
                  "latitude": 44.5279615,
                  "longitude": 26.1798147
                }
              }
            },
            "duration": "0s"
          }
        ],
        "deliveries": [
          {
            "arrivalWaypoint": {
              "location": {
                "latLng": {
                  "latitude": 44.41322024,
                  "longitude": 26.00494215
                }
              }
            },
            "timeWindows": [
              {
                "startTime": "2026-02-17T14:00:00.000Z",
                "endTime": "2026-02-17T15:00:00.000Z",
                "softStartTime": "2026-02-17T14:00:00.000Z",
                "softEndTime": "2026-02-17T15:00:00.000Z",
                "costPerHourBeforeSoftStartTime": 1000,
                "costPerHourAfterSoftEndTime": 1000
              }
            ],
            "duration": "600s"
          }
        ],
        "penaltyCost": 200,
        "label": "Order - 13",
        "loadDemands": {
          "pallets": {
            "amount": "3"
          }
        }
      },
      {
        "pickups": [
          {
            "arrivalWaypoint": {
              "location": {
                "latLng": {
                  "latitude": 44.5279615,
                  "longitude": 26.1798147
                }
              }
            },
            "duration": "0s"
          }
        ],
        "deliveries": [
          {
            "arrivalWaypoint": {
              "location": {
                "latLng": {
                  "latitude": 44.50157139,
                  "longitude": 26.202315
                }
              }
            },
            "timeWindows": [
              {
                "startTime": "2026-02-17T19:00:00.000Z",
                "endTime": "2026-02-17T20:00:00.000Z",
                "softStartTime": "2026-02-17T19:00:00.000Z",
                "softEndTime": "2026-02-17T20:00:00.000Z",
                "costPerHourBeforeSoftStartTime": 1000,
                "costPerHourAfterSoftEndTime": 1000
              }
            ],
            "duration": "600s"
          }
        ],
        "penaltyCost": 200,
        "label": "Order - 14",
        "loadDemands": {
          "pallets": {
            "amount": "6"
          }
        }
      },
      {
        "pickups": [
          {
            "arrivalWaypoint": {
              "location": {
                "latLng": {
                  "latitude": 44.5279615,
                  "longitude": 26.1798147
                }
              }
            },
            "duration": "0s"
          }
        ],
        "deliveries": [
          {
            "arrivalWaypoint": {
              "location": {
                "latLng": {
                  "latitude": 44.371446,
                  "longitude": 26.20178025
                }
              }
            },
            "timeWindows": [
              {
                "startTime": "2026-02-17T06:00:00.000Z",
                "endTime": "2026-02-17T07:00:00.000Z",
                "softStartTime": "2026-02-17T06:00:00.000Z",
                "softEndTime": "2026-02-17T07:00:00.000Z",
                "costPerHourBeforeSoftStartTime": 1000,
                "costPerHourAfterSoftEndTime": 1000
              }
            ],
            "duration": "600s"
          }
        ],
        "penaltyCost": 200,
        "label": "Order - 15",
        "loadDemands": {
          "pallets": {
            "amount": "6"
          }
        }
      },
      {
        "pickups": [
          {
            "arrivalWaypoint": {
              "location": {
                "latLng": {
                  "latitude": 44.5279615,
                  "longitude": 26.1798147
                }
              }
            },
            "duration": "0s"
          }
        ],
        "deliveries": [
          {
            "arrivalWaypoint": {
              "location": {
                "latLng": {
                  "latitude": 44.42184344,
                  "longitude": 26.13324913
                }
              }
            },
            "timeWindows": [
              {
                "startTime": "2026-02-17T07:00:00.000Z",
                "endTime": "2026-02-17T08:00:00.000Z",
                "softStartTime": "2026-02-17T07:00:00.000Z",
                "softEndTime": "2026-02-17T08:00:00.000Z",
                "costPerHourBeforeSoftStartTime": 1000,
                "costPerHourAfterSoftEndTime": 1000
              }
            ],
            "duration": "600s"
          }
        ],
        "penaltyCost": 200,
        "label": "Order - 16",
        "loadDemands": {
          "pallets": {
            "amount": "7"
          }
        }
      },
      {
        "pickups": [
          {
            "arrivalWaypoint": {
              "location": {
                "latLng": {
                  "latitude": 44.5279615,
                  "longitude": 26.1798147
                }
              }
            },
            "duration": "0s"
          }
        ],
        "deliveries": [
          {
            "arrivalWaypoint": {
              "location": {
                "latLng": {
                  "latitude": 44.34830598,
                  "longitude": 26.04259296
                }
              }
            },
            "timeWindows": [
              {
                "startTime": "2026-02-17T14:00:00.000Z",
                "endTime": "2026-02-17T15:00:00.000Z",
                "softStartTime": "2026-02-17T14:00:00.000Z",
                "softEndTime": "2026-02-17T15:00:00.000Z",
                "costPerHourBeforeSoftStartTime": 1000,
                "costPerHourAfterSoftEndTime": 1000
              }
            ],
            "duration": "600s"
          }
        ],
        "penaltyCost": 200,
        "label": "Order - 17",
        "loadDemands": {
          "pallets": {
            "amount": "3"
          }
        }
      },
      {
        "pickups": [
          {
            "arrivalWaypoint": {
              "location": {
                "latLng": {
                  "latitude": 44.5279615,
                  "longitude": 26.1798147
                }
              }
            },
            "duration": "0s"
          }
        ],
        "deliveries": [
          {
            "arrivalWaypoint": {
              "location": {
                "latLng": {
                  "latitude": 44.51649352,
                  "longitude": 25.99555301
                }
              }
            },
            "timeWindows": [
              {
                "startTime": "2026-02-17T19:00:00.000Z",
                "endTime": "2026-02-17T20:00:00.000Z",
                "softStartTime": "2026-02-17T19:00:00.000Z",
                "softEndTime": "2026-02-17T20:00:00.000Z",
                "costPerHourBeforeSoftStartTime": 1000,
                "costPerHourAfterSoftEndTime": 1000
              }
            ],
            "duration": "600s"
          }
        ],
        "penaltyCost": 200,
        "label": "Order - 18",
        "loadDemands": {
          "pallets": {
            "amount": "2"
          }
        }
      },
      {
        "pickups": [
          {
            "arrivalWaypoint": {
              "location": {
                "latLng": {
                  "latitude": 44.5279615,
                  "longitude": 26.1798147
                }
              }
            },
            "duration": "0s"
          }
        ],
        "deliveries": [
          {
            "arrivalWaypoint": {
              "location": {
                "latLng": {
                  "latitude": 44.37658379,
                  "longitude": 26.17311709
                }
              }
            },
            "timeWindows": [
              {
                "startTime": "2026-02-17T10:00:00.000Z",
                "endTime": "2026-02-17T11:00:00.000Z",
                "softStartTime": "2026-02-17T10:00:00.000Z",
                "softEndTime": "2026-02-17T11:00:00.000Z",
                "costPerHourBeforeSoftStartTime": 1000,
                "costPerHourAfterSoftEndTime": 1000
              }
            ],
            "duration": "600s"
          }
        ],
        "penaltyCost": 200,
        "label": "Order - 19",
        "loadDemands": {
          "pallets": {
            "amount": "8"
          }
        }
      },
      {
        "pickups": [
          {
            "arrivalWaypoint": {
              "location": {
                "latLng": {
                  "latitude": 44.5279615,
                  "longitude": 26.1798147
                }
              }
            },
            "duration": "0s"
          }
        ],
        "deliveries": [
          {
            "arrivalWaypoint": {
              "location": {
                "latLng": {
                  "latitude": 44.48985855,
                  "longitude": 26.05944583
                }
              }
            },
            "timeWindows": [
              {
                "startTime": "2026-02-17T21:00:00.000Z",
                "endTime": "2026-02-17T22:00:00.000Z",
                "softStartTime": "2026-02-17T21:00:00.000Z",
                "softEndTime": "2026-02-17T22:00:00.000Z",
                "costPerHourBeforeSoftStartTime": 1000,
                "costPerHourAfterSoftEndTime": 1000
              }
            ],
            "duration": "600s"
          }
        ],
        "penaltyCost": 200,
        "label": "Order - 20",
        "loadDemands": {
          "pallets": {
            "amount": "9"
          }
        }
      }
    ],
    "vehicles": [
      {
        "travelMode": 1,
        "startWaypoint": {
          "location": {
            "latLng": {
              "latitude": 44.5279615,
              "longitude": 26.1798147
            }
          }
        },
        "endWaypoint": {
          "location": {
            "latLng": {
              "latitude": 44.5279615,
              "longitude": 26.1798147
            }
          }
        },
        "startTimeWindows": [
          {}
        ],
        "endTimeWindows": [
          {}
        ],
        "travelDurationMultiple": 1,
        "unloadingPolicy": 0,
        "costPerHour": 0,
        "costPerTraveledHour": 0,
        "costPerKilometer": 0,
        "fixedCost": 0,
        "usedIfRouteIsEmpty": false,
        "label": "Vehicle - 1",
        "loadLimits": {
          "pallets": {
            "maxLoad": "100"
          }
        }
      },
      {
        "travelMode": 1,
        "startWaypoint": {
          "location": {
            "latLng": {
              "latitude": 44.5279615,
              "longitude": 26.1798147
            }
          }
        },
        "endWaypoint": {
          "location": {
            "latLng": {
              "latitude": 44.5279615,
              "longitude": 26.1798147
            }
          }
        },
        "startTimeWindows": [
          {}
        ],
        "endTimeWindows": [
          {}
        ],
        "travelDurationMultiple": 1,
        "unloadingPolicy": 0,
        "costPerHour": 0,
        "costPerTraveledHour": 0,
        "costPerKilometer": 0,
        "fixedCost": 0,
        "usedIfRouteIsEmpty": false,
        "label": "Vehicle - 2",
        "loadLimits": {
          "pallets": {
            "maxLoad": "100"
          }
        }
      },
      {
        "travelMode": 1,
        "startWaypoint": {
          "location": {
            "latLng": {
              "latitude": 44.5279615,
              "longitude": 26.1798147
            }
          }
        },
        "endWaypoint": {
          "location": {
            "latLng": {
              "latitude": 44.5279615,
              "longitude": 26.1798147
            }
          }
        },
        "startTimeWindows": [
          {}
        ],
        "endTimeWindows": [
          {}
        ],
        "travelDurationMultiple": 1,
        "unloadingPolicy": 0,
        "costPerHour": 0,
        "costPerTraveledHour": 0,
        "costPerKilometer": 0,
        "fixedCost": 0,
        "usedIfRouteIsEmpty": false,
        "label": "Vehicle - 3",
        "loadLimits": {
          "pallets": {
            "maxLoad": "100"
          }
        }
      },
      {
        "travelMode": 1,
        "startWaypoint": {
          "location": {
            "latLng": {
              "latitude": 44.5279615,
              "longitude": 26.1798147
            }
          }
        },
        "endWaypoint": {
          "location": {
            "latLng": {
              "latitude": 44.5279615,
              "longitude": 26.1798147
            }
          }
        },
        "startTimeWindows": [
          {}
        ],
        "endTimeWindows": [
          {}
        ],
        "travelDurationMultiple": 1,
        "unloadingPolicy": 0,
        "costPerHour": 0,
        "costPerTraveledHour": 0,
        "costPerKilometer": 0,
        "fixedCost": 0,
        "usedIfRouteIsEmpty": false,
        "label": "Vehicle - 4",
        "loadLimits": {
          "pallets": {
            "maxLoad": "100"
          }
        }
      },
      {
        "travelMode": 1,
        "startWaypoint": {
          "location": {
            "latLng": {
              "latitude": 44.5279615,
              "longitude": 26.1798147
            }
          }
        },
        "endWaypoint": {
          "location": {
            "latLng": {
              "latitude": 44.5279615,
              "longitude": 26.1798147
            }
          }
        },
        "startTimeWindows": [
          {}
        ],
        "endTimeWindows": [
          {}
        ],
        "travelDurationMultiple": 1,
        "unloadingPolicy": 0,
        "costPerHour": 0,
        "costPerTraveledHour": 0,
        "costPerKilometer": 0,
        "fixedCost": 0,
        "usedIfRouteIsEmpty": false,
        "label": "Vehicle - 5",
        "loadLimits": {
          "pallets": {
            "maxLoad": "100"
          }
        }
      }
    ],
    "globalStartTime": "2026-02-17T05:00:00.000Z",
    "globalEndTime": "2026-02-17T23:00:00.000Z"
  },
  "searchMode": 1,
  "considerRoadTraffic": true,
  "populateTransitionPolylines": false,
  "label": ""
}